sp;ind;carapace;claw_size;prop_fxh;tip_adv;tub_adv;mating;polex;manus;in.lever;out.lever1;out.lever2
Austruca_annulipes;annulipes_01;1.35;1.839;1.003278689;0.268146883;0.775308642;burrow;0.918;0.915;0.314;0.405;1.171
Austruca_annulipes;annulipes_02;1.52;2.556;1.012598425;0.229342327;0.868085106;burrow;1.286;1.27;0.408;0.47;1.779
Austruca_annulipes;annulipes_03;1.23;1.375;1.016176471;0.196035242;0.763948498;burrow;0.691;0.68;0.178;0.233;0.908
Austruca_annulipes;annulipes_04;1.155;1.413;0.81748072;0.259259259;0.498850575;burrow;0.636;0.778;0.217;0.435;0.837
Austruca_annulipes;annulipes_05;1.15;1.394;0.890243902;0.261704682;0.798534799;burrow;0.657;0.738;0.218;0.273;0.833
Austruca_annulipes;annulipes_06;1.7;2.637;0.996976568;0.268784362;0.472610097;burrow;1.319;1.323;0.44;0.931;1.637
Tubuca_arcuata;arcuata_01;2.16;2.467;0.852852853;0.272915231;0.337883959;surface;1.136;1.332;0.396;1.172;1.451
Tubuca_arcuata;arcuata_02;3.25;5.498;1.195686901;0.211027714;0.407924107;surface;2.994;2.504;0.731;1.792;3.464
Tubuca_arcuata;arcuata_03;2.62;2.968;1.234939759;0.201777313;0.262050238;surface;1.64;1.328;0.386;1.473;1.913
Tubuca_arcuata;arcuata_04;3.275;5.725;1.308095046;0.196094168;0.814444444;surface;3.248;2.483;0.733;0.9;3.738
Tubuca_arcuata;arcuata_05;2.725;4.093;1.170201485;0.22398524;0.308434959;surface;2.207;1.886;0.607;1.968;2.71
Tubuca_arcuata;arcuata_06;3.25;5.857;1.372215472;0.196670135;0.273913043;surface;3.388;2.469;0.756;2.76;3.844
Tubuca_arcuata;arcuata_07;3.36;6.259;1.565805658;0.176863181;0.26740666;surface;3.819;2.439;0.795;2.973;4.495
Tubuca_arcuata;arcuata_08;2.925;4.902;1.093162393;0.227588603;0.422853454;surface;2.558;2.34;0.655;1.549;2.878
Tubuca_arcuata;arcuata_09;2.39;3.222;0.882009346;0.255377827;0.486344538;surface;1.51;1.712;0.463;0.952;1.813
Tubuca_arcuata;arcuata_10;2.515;3.718;1.436232832;0.193333333;0.244467861;surface;2.196;1.529;0.464;1.898;2.4
Tubuca_arcuata;arcuata_11;2.605;3.589;1.047347404;0.258173619;0.415985468;surface;1.836;1.753;0.458;1.101;1.774
Tubuca_arcuata;arcuata_12;2.455;3.192;0.966728281;0.258823529;0.593068036;surface;1.569;1.623;0.462;0.779;1.785
Tubuca_arcuata;arcuata_13;2.77;3.907;0.984756098;0.270593446;0.586935639;surface;1.938;1.968;0.611;1.041;2.258
Tubuca_arcuata;arcuata_14;3.06;5.512;1.495703302;0.183662714;0.262820513;surface;3.307;2.211;0.697;2.652;3.795
Tubuca_arcuata;arcuata_15;2.485;3.334;0.963486455;0.24893617;0.568651276;surface;1.636;1.698;0.468;0.823;1.88
Tubuca_arcuata;arcuata_16;2.265;2.433;1.054898649;0.247282609;0.319578578;surface;1.249;1.184;0.364;1.139;1.472
Tubuca_arcuata;arcuata_17;1.94;1.862;0.649247121;0.312938816;0.6277666;surface;0.733;1.129;0.312;0.497;0.997
Leptuca_beebei;beebei_01;1.1;1.769;1.154689403;0.210848644;NA;both;0.948;0.821;0.241;NA;1.143
Leptuca_beebei;beebei_02;1.025;1.587;1.274678112;0.198555957;NA;both;0.891;0.699;0.22;NA;1.108
Leptuca_beebei;beebei_03;0.955;1.764;1.241423126;0.209005947;NA;both;0.977;0.787;0.246;NA;1.177
Leptuca_beebei;beebei_04;0.635;0.815;0.915294118;0.237179487;NA;both;0.389;0.425;0.111;NA;0.468
Leptuca_beebei;beebei_05;0.945;1.552;1.105834464;0.203873598;0.511508951;both;0.815;0.737;0.2;0.391;0.981
Leptuca_beebei;beebei_06;0.69;0.848;0.936073059;0.247058824;NA;both;0.41;0.438;0.126;NA;0.51
Leptuca_beebei;beebei_07;0.83;1.155;1;0.237463127;NA;both;0.577;0.577;0.161;NA;0.678
Leptuca_beebei;beebei_08;1.13;1.99;1.352245863;0.19544741;0.483495146;both;1.144;0.846;0.249;0.515;1.274
Leptuca_beebei;beebei_09;1.045;1.733;1.380494505;0.172268908;NA;both;1.005;0.728;0.205;NA;1.19
Leptuca_beebei;beebei_10;0.68;0.982;1.214446953;0.199044586;NA;both;0.538;0.443;0.125;NA;0.628
Leptuca_beebei;beebei_11;0.695;0.987;1.039256198;0.208191126;NA;both;0.503;0.484;0.122;NA;0.586
Leptuca_beebei;beebei_12;0.485;0.594;0.789156627;0.276785714;NA;both;0.262;0.332;0.093;NA;0.336
Leptuca_beebei;beebei_13;0.835;1.352;1.205546493;0.189473684;NA;both;0.739;0.613;0.162;NA;0.855
Leptuca_beebei;beebei_14;0.765;1.06;1.007575758;0.222585925;0.477192982;both;0.532;0.528;0.136;0.285;0.611
Leptuca_beebei;beebei_15;0.765;1.214;1.033500838;0.233287858;NA;both;0.617;0.597;0.171;NA;0.733
Leptuca_beebei;beebei_16;0.665;0.748;0.785202864;0.288135593;NA;both;0.329;0.419;0.119;NA;0.413
Leptuca_beebei;beebei_17;0.835;1.445;1.231839258;0.195253506;NA;both;0.797;0.647;0.181;NA;0.927
Leptuca_beebei;beebei_18;0.72;0.959;0.977319588;0.23853211;NA;both;0.474;0.485;0.13;NA;0.545
Leptuca_beebei;beebei_19;1.055;1.171;1.113718412;0.215384615;0.531034483;both;0.617;0.554;0.154;0.29;0.715
Leptuca_beebei;beebei_20;0.735;1.045;1.111111111;0.2192;0.439102564;both;0.55;0.495;0.137;0.312;0.625
Leptuca_beebei;beebei_22;0.9;1.263;1.037096774;0.222811671;NA;both;0.643;0.62;0.168;NA;0.754
Leptuca_beebei;beebei_23;0.9;1.479;1.182890855;0.209836066;0.468292683;both;0.802;0.678;0.192;0.41;0.915
Leptuca_beebei;beebei_24;0.725;1.004;0.938223938;0.241025641;NA;both;0.486;0.518;0.141;NA;0.585
Leptuca_beebei;beebei_25;0.81;0.782;1.039164491;0.251046025;NA;both;0.398;0.383;0.12;NA;0.478
Leptuca_beebei;beebei_26;0.76;0.904;0.975929978;0.253846154;NA;both;0.446;0.457;0.132;NA;0.52
Leptuca_beebei;beebei_27;1.015;1.67;1.208994709;0.20018622;0.5;both;0.914;0.756;0.215;0.43;1.074
Leptuca_beebei;beebei_28;0.81;1.227;1.126516464;0.223544974;NA;both;0.65;0.577;0.169;NA;0.756
Leptuca_beebei;beebei_29;0.885;1.203;1.035532995;0.264497878;NA;both;0.612;0.591;0.187;NA;0.707
Leptuca_beebei;beebei_30;0.58;0.63;0.875;0.244897959;NA;both;0.294;0.336;0.084;NA;0.343
Leptuca_beebei;beebei_31;0.655;0.93;1.037199125;0.23800738;NA;both;0.474;0.457;0.129;NA;0.542
Leptuca_beebei;beebei_32;0.89;1.29;1.16442953;0.191489362;0.438395415;both;0.694;0.596;0.153;0.349;0.799
Leptuca_beebei;beebei_33;0.975;1.5;1.161383285;0.198901099;0.46529563;both;0.806;0.694;0.181;0.389;0.91
Leptuca_beebei;beebei_35;0.75;1.164;1.112522686;0.221126761;NA;both;0.613;0.551;0.157;NA;0.71
Leptuca_beebei;beebei_36;0.67;0.955;0.854368932;0.229537367;NA;both;0.44;0.515;0.129;NA;0.562
Leptuca_beebei;beebei_37;0.685;1.012;1.038229376;0.191919192;NA;both;0.516;0.497;0.114;NA;0.594
Leptuca_beebei;beebei_40;0.735;1.148;1.209615385;0.204702628;0.46835443;both;0.629;0.52;0.148;0.316;0.723
Leptuca_beebei;beebei_41;0.745;1.062;0.988764045;0.202614379;0.446043165;both;0.528;0.534;0.124;0.278;0.612
Leptuca_beebei;beebei_42;0.63;0.898;0.781746032;0.256784969;NA;both;0.394;0.504;0.123;NA;0.479
Leptuca_beebei;beebei_43;0.735;1.043;1.009633911;0.214983713;NA;both;0.524;0.519;0.132;NA;0.614
Leptuca_beebei;beebei_44;0.8;1.331;1.181967213;0.203529412;0.457671958;both;0.721;0.61;0.173;0.378;0.85
Leptuca_beebei;beebei_45;0.73;0.99;1.088607595;0.200325733;NA;both;0.516;0.474;0.123;NA;0.614
Leptuca_beebei;beebei_46;0.695;0.946;1.03655914;0.230909091;0.492248062;both;0.482;0.465;0.127;0.258;0.55
Leptuca_beebei;beebei_49;0.935;1.366;0.964028777;0.232385661;NA;both;0.67;0.695;0.188;NA;0.809
Leptuca_beebei;beebei_50;0.74;0.953;0.868627451;0.248091603;NA;both;0.443;0.51;0.13;NA;0.524
Tubuca_bellator;bellator_01;1.305;1.752;0.896103896;0.258405379;NA;surface;0.828;0.924;0.269;NA;1.041
Tubuca_bellator;bellator_02;1.245;1.606;0.960927961;0.262605042;0.661375661;surface;0.787;0.819;0.25;0.378;0.952
Tubuca_bellator;bellator_03;1.5;1.891;1.122334456;0.228099174;0.383866481;surface;1;0.891;0.276;0.719;1.21
Tubuca_bellator;bellator_04;1.28;1.828;0.886480908;0.285843102;0.808673469;surface;0.859;0.969;0.317;0.392;1.109
Tubuca_bellator;bellator_05;1.235;1.301;0.911764706;0.239382239;0.579439252;surface;0.62;0.68;0.186;0.321;0.777
Tubuca_bellator;bellator_06;1.82;2.953;1.330702447;0.176440592;0.53894081;surface;1.686;1.267;0.346;0.642;1.961
Austruca_bengali;bengali_01;1.2;1.729;1.002314815;0.236766121;0.806557377;both;0.866;0.864;0.246;0.305;1.039
Tubuca_capricornis;capricornis_01;1.665;2.065;0.906740536;0.28837622;0.468975469;surface;0.982;1.083;0.325;0.693;1.127
Tubuca_capricornis;capricornis_02;2.245;3.146;1.143051771;0.25;0.477317554;surface;1.678;1.468;0.484;1.014;1.936
Paraleptuca_chlorophthalmus;chlorophthalmus_01;1.285;1.551;0.784810127;0.323671498;0.988929889;surface;0.682;0.869;0.268;0.271;0.828
Paraleptuca_chlorophthalmus;chlorophthalmus_02;1.545;1.349;0.871012483;0.304461942;0.734177215;surface;0.628;0.721;0.232;0.316;0.762
Paraleptuca_chlorophthalmus;chlorophthalmus_03;1.675;2.38;1.166666667;0.242302544;0.876513317;surface;1.281;1.098;0.362;0.413;1.494
Tubuca_coarctata;coarctata_01;2.6;3.901;1.167222222;0.215334421;0.393442623;surface;2.101;1.8;0.528;1.342;2.452
Tubuca_coarctata;coarctata_02;2.235;2.594;1.296460177;0.188668224;0.254932912;surface;1.465;1.13;0.323;1.267;1.712
Tubuca_coarctata;coarctata_03;2.12;3.109;1.02672751;0.242456326;0.559218559;surface;1.575;1.534;0.458;0.819;1.889
Paraleptuca_crassipes;crassipes_01;1.49;1.971;0.887931034;0.281849913;0.585144928;surface;0.927;1.044;0.323;0.552;1.146
Paraleptuca_crassipes;crassipes_02;1.635;2.587;1.098134631;0.233521657;0.639175258;surface;1.354;1.233;0.372;0.582;1.593
Paraleptuca_crassipes;crassipes_03;1.765;2.874;1.443877551;NA;NA;surface;1.698;1.176;0.317;NA;NA
Paraleptuca_crassipes;crassipes_04;1.495;2.004;1.029381966;0.319429199;0.570588235;surface;1.016;0.987;0.291;0.51;0.911
Leptuca_crenulata;crenulata_01;1.47;1.558;1.179020979;0.239341085;0.626903553;burrow;0.843;0.715;0.247;0.394;1.032
Leptuca_crenulata;crenulata_02;1.455;2.562;1.157540017;0.214734437;0.572298326;burrow;1.374;1.187;0.376;0.657;1.751
Leptuca_crenulata;crenulata_03;1.29;2.005;0.984174085;0.228041902;0.572874494;burrow;0.995;1.011;0.283;0.494;1.241
Leptuca_crenulata;crenulata_04;1.47;2.31;1.088607595;0.247928617;0.635620915;burrow;1.204;1.106;0.389;0.612;1.569
Leptuca_crenulata;crenulata_05;1.435;2.318;1.051327434;0.231836196;0.606217617;burrow;1.188;1.130;0.351;0.579;1.514
Leptuca_cumulanta;cumulanta_05;0.945;1.368;1;0.23069001;NA;burrow;0.688;0.688;0.224;NA;0.971
Leptuca_cumulanta;cumulanta_06;NA;1.346;0.869444444;0.228773585;0.392712551;burrow;0.626;0.72;0.194;0.494;0.848
Leptuca_cumulanta;cumulanta_07;NA;1.436;0.95640327;0.248447205;0.466019417;burrow;0.702;0.734;0.24;0.515;0.966
Leptuca_deichmanni;deichmanni_01;0.79;1.225;1.171985816;0.230671736;0.509803922;burrow;0.661;0.564;0.182;0.357;0.789
Leptuca_deichmanni;deichmanni_02;0.665;1.113;1.186640472;0.216;0.490909091;burrow;0.604;0.509;0.162;0.33;0.75
Leptuca_deichmanni;deichmanni_03;0.6;0.891;1.025;0.25528169;0.56640625;burrow;0.451;0.44;0.145;0.256;0.568
Leptuca_deichmanni;deichmanni_04;0.685;1.037;1.061630219;0.25308642;0.583629893;burrow;0.534;0.503;0.164;0.281;0.648
Leptuca_deichmanni;deichmanni_05;0.51;0.482;0.83269962;0.245551601;NA;burrow;0.219;0.263;0.069;NA;0.281
Leptuca_deichmanni;deichmanni_06;0.51;0.627;0.871641791;0.258152174;NA;burrow;0.292;0.335;0.095;NA;0.368
Leptuca_deichmanni;deichmanni_07;0.78;1.208;1.132275132;0.22593068;0.567741935;burrow;0.642;0.567;0.176;0.31;0.779
Leptuca_deichmanni;deichmanni_09;0.7;1.12;1.055045872;0.252808989;0.545454545;burrow;0.575;0.545;0.18;0.33;0.712
Leptuca_deichmanni;deichmanni_10;0.65;0.924;1.053333333;0.234676007;0.531746032;burrow;0.474;0.45;0.134;0.252;0.571
Leptuca_deichmanni;deichmanni_11;0.555;0.641;0.924924925;0.239892183;0.514450867;burrow;0.308;0.333;0.089;0.173;0.371
Leptuca_deichmanni;deichmanni_13;0.605;0.739;0.98655914;0.255079007;0.570707071;burrow;0.367;0.372;0.113;0.198;0.443
Leptuca_deichmanni;deichmanni_14;0.68;1.084;1.104854369;0.238938053;0.549152542;burrow;0.569;0.515;0.162;0.295;0.678
Leptuca_deichmanni;deichmanni_15;0.775;1.265;1.227513228;0.209580838;0.236806495;burrow;0.696;0.567;0.175;0.739;0.835
Leptuca_deichmanni;deichmanni_16;0.785;1.181;1.124100719;0.220183486;0.536741214;burrow;0.625;0.556;0.168;0.313;0.763
Leptuca_deichmanni;deichmanni_17;0.655;0.828;0.992771084;0.253549696;0.169147497;burrow;0.412;0.415;0.125;0.493;0.739
Leptuca_deichmanni;deichmanni_18;0.64;0.903;1.047619048;0.21886121;0.166441137;burrow;0.462;0.441;0.123;0.562;0.739
Leptuca_deichmanni;deichmanni_19;0.655;0.912;1.038116592;0.234119782;0.53526971;burrow;0.463;0.446;0.129;0.241;0.551
Leptuca_deichmanni;deichmanni_20;0.68;1.119;1.137667304;0.24084507;0.57;burrow;0.595;0.523;0.171;0.3;0.71
Leptuca_deichmanni;deichmanni_21;0.72;1.106;1.110687023;0.254596888;0.564263323;burrow;0.582;0.524;0.18;0.319;0.707
Leptuca_deichmanni;deichmanni_22;0.75;1.22;1.200361011;0.227784731;0.527536232;burrow;0.665;0.554;0.182;0.345;0.799
Leptuca_deichmanni;deichmanni_23;0.685;1.135;1.141509434;0.218406593;0.5;burrow;0.605;0.53;0.159;0.318;0.728
Leptuca_deichmanni;deichmanni_24;0.67;1.012;1.042424242;0.256568779;0.621722846;burrow;0.516;0.495;0.166;0.267;0.647
Leptuca_deichmanni;deichmanni_25;0.71;1.085;1.14229249;0.223021583;0.57195572;burrow;0.578;0.506;0.155;0.271;0.695
Leptuca_deichmanni;deichmanni_26;0.7;1.178;1.111111111;0.240051348;0.597444089;burrow;0.62;0.558;0.187;0.313;0.779
Leptuca_deichmanni;deichmanni_27;0.72;1.218;1.178890877;0.240554156;0.578787879;burrow;0.659;0.559;0.191;0.33;0.794
Leptuca_deichmanni;deichmanni_28;0.6;0.853;1.057831325;0.243947858;0.541322314;burrow;0.439;0.415;0.131;0.242;0.537
Leptuca_deichmanni;deichmanni_29;0.635;0.859;1.059808612;0.230623819;0.586538462;burrow;0.443;0.418;0.122;0.208;0.529
Leptuca_deichmanni;deichmanni_30;0.765;1.19;1.189686924;0.22622108;0.5382263;burrow;0.646;0.543;0.176;0.327;0.778
Leptuca_deichmanni;deichmanni_31;0.7;1.196;1.137745975;0.224409449;0.542857143;burrow;0.636;0.559;0.171;0.315;0.762
Leptuca_deichmanni;deichmanni_32;0.78;1.307;1.20777027;0.21744186;0.512328767;burrow;0.715;0.592;0.187;0.365;0.86
Leptuca_deichmanni;deichmanni_33;0.695;1.064;1.115308151;0.232896652;0.536912752;burrow;0.561;0.503;0.16;0.298;0.687
Leptuca_deichmanni;deichmanni_34;0.605;0.826;1;0.25;0.59009009;burrow;0.413;0.413;0.131;0.222;0.524
Leptuca_deichmanni;deichmanni_35;0.68;1.025;1.085365854;0.245083207;0.582733813;burrow;0.534;0.492;0.162;0.278;0.661
Leptuca_deichmanni;deichmanni_36;0.73;1.103;1.141747573;0.255524862;0.608552632;burrow;0.588;0.515;0.185;0.304;0.724
Leptuca_deichmanni;deichmanni_37;0.775;1.367;1.178343949;0.23853211;0.577777778;burrow;0.74;0.628;0.208;0.36;0.872
Leptuca_deichmanni;deichmanni_38;0.67;0.969;1.139072848;0.238095238;0.547445255;burrow;0.516;0.453;0.15;0.274;0.63
Leptuca_deichmanni;deichmanni_39;0.665;0.95;1.060737527;0.245033113;0.554307116;burrow;0.489;0.461;0.148;0.267;0.604
Leptuca_deichmanni;deichmanni_40;0.585;0.808;0.96593674;0.269547325;NA;burrow;0.397;0.411;0.131;NA;0.486
Leptuca_deichmanni;deichmanni_41;0.605;0.876;1.056470588;0.228200371;0.504098361;burrow;0.449;0.425;0.123;0.244;0.539
Leptuca_deichmanni;deichmanni_42;0.76;1.112;1.171875;0.216480447;0.543859649;burrow;0.6;0.512;0.155;0.285;0.716
Leptuca_deichmanni;deichmanni_43;0.77;1.232;1.142608696;0.243445693;0.565217391;burrow;0.657;0.575;0.195;0.345;0.801
Leptuca_deichmanni;deichmanni_44;0.695;1.106;1.170588235;0.229106628;0.580291971;burrow;0.597;0.51;0.159;0.274;0.694
Leptuca_deichmanni;deichmanni_45;0.7;1.011;1.059063136;0.242612753;0.590909091;burrow;0.52;0.491;0.156;0.264;0.643
Leptuca_deichmanni;deichmanni_46;0.705;1.145;1.110701107;0.222826087;0.529032258;burrow;0.602;0.542;0.164;0.31;0.736
Leptuca_deichmanni;deichmanni_47;0.6;0.793;1.012690355;0.222916667;0.52195122;burrow;0.399;0.394;0.107;0.205;0.48
Leptuca_deichmanni;deichmanni_48;0.7;1.085;1.178714859;0.21971831;0.527027027;burrow;0.587;0.498;0.156;0.296;0.71
Leptuca_deichmanni;deichmanni_49;0.53;0.688;0.927170868;0.25060241;NA;burrow;0.331;0.357;0.104;NA;0.415
Leptuca_deichmanni;deichmanni_50;0.765;1.152;1.064516129;0.236363636;0.507507508;burrow;0.594;0.558;0.169;0.333;0.715
Tubuca_elegans;elegans_01;2;3.159;1.485444532;NA;NA;burrow;1.888;1.271;0.392;NA;NA
Tubuca_elegans;elegans_02;1.96;2.817;2.055314534;0.152354571;NA;burrow;1.895;0.922;0.33;NA;2.166
Tubuca_flammula;flammula_01;3.18;5.226;1.556751468;0.164352508;0.540540541;surface;3.182;2.044;0.58;1.073;3.529
Tubuca_flammula;flammula_02;3.425;7.042;2.328449905;0.123844062;0.202790974;surface;4.927;2.116;0.683;3.368;5.515
Tubuca_flammula;flammula_03;3.4;6.401;1.456254797;0.174632782;0.573506891;surface;3.795;2.606;0.749;1.306;4.289
Tubuca_flammula;flammula_04;2.525;3.232;1.065175719;0.253588517;0.639410188;surface;1.667;1.565;0.477;0.746;1.881
Tubuca_flammula;flammula_05;2.415;3.291;1.155206287;0.219981238;0.332860185;surface;1.764;1.527;0.469;1.409;2.132
Tubuca_flammula;flammula_06;3.205;5.17;1.873818788;0.156458946;0.249254367;surface;3.371;1.799;0.585;2.347;3.739
Tubuca_flammula;flammula_07;3.025;4.653;1.316575411;0.203167116;0.539355993;surface;2.645;2.009;0.603;1.118;2.968
Tubuca_flammula;flammula_08;3.04;5.052;1.798891967;0.167643923;0.288399817;surface;3.247;1.805;0.629;2.181;3.752
Tubuca_flammula;flammula_09;2.405;2.801;1;0.272888364;0.673469388;surface;1.4;1.4;0.462;0.686;1.693
Tubuca_flammula;flammula_10;3.015;4.462;1.217693837;0.224901044;0.639713408;surface;2.45;2.012;0.625;0.977;2.779
Xeruca_formosensis;formosensis_01;2.26;3.595;1.255332497;0.211860765;0.588305489;burrow;2.001;1.594;0.493;0.838;2.327
Gelasimus_hesperiae;hesperiae_01;2.355;4.218;1.238322718;0.269565217;0.444791017;surface;2.333;1.884;0.713;1.603;2.645
Gelasimus_hesperiae;hesperiae_02;2.29;3.203;1.799825175;0.193985599;NA;surface;2.059;1.144;0.458;NA;2.361
Gelasimus_hesperiae;hesperiae_03;2.315;4.148;1.351473923;0.247037037;0.504157218;surface;2.384;1.764;0.667;1.323;2.7
Gelasimus_hesperiae;hesperiae_04;2.355;3.844;1.350244499;0.249703205;0.512175325;surface;2.209;1.636;0.631;1.232;2.527
Gelasimus_hesperiae;hesperiae_06;1.505;1.783;1.058891455;0.296832579;NA;surface;0.917;0.866;0.328;NA;1.105
Gelasimus_hesperiae;hesperiae_07;1.6;1.981;1.054979253;0.299421009;0.595394737;surface;1.017;0.964;0.362;0.608;1.209
Gelasimus_hesperiae;hesperiae_08;1.745;2.433;1.10467128;0.268292683;NA;surface;1.277;1.156;0.396;NA;1.476
Gelasimus_hesperiae;hesperiae_09;1.6;1.846;1.141531323;0.275412685;NA;surface;0.984;0.862;0.317;NA;1.151
Austruca_lactea;lactea_01;NA;2.367;1.572826087;0.192307692;NA;surface;1.447;0.92;0.33;NA;1.716
Austruca_lactea;lactea_02;1.325;2.047;1.22875817;0.23;NA;surface;1.128;0.918;0.322;NA;1.4
Austruca_lactea;lactea_03;1.75;3.15;1.817531306;0.163265306;NA;surface;2.032;1.118;0.376;NA;2.303
Austruca_lactea;lactea_04;1.515;2.833;1.305126119;0.209153805;NA;surface;1.604;1.229;0.393;NA;1.879
Austruca_lactea;lactea_05;1.66;3.132;1.77905945;0.156101768;NA;surface;2.005;1.127;0.362;NA;2.319
Austruca_lactea;lactea_06;1.385;2.446;1.538381743;0.18447694;NA;surface;1.483;0.964;0.328;NA;1.778
Leptuca_leptodactyla;leptodactyla_01;1.035;1.475;0.965379494;0.256152125;0.685628743;burrow;0.725;0.751;0.229;0.334;0.894
Leptuca_leptodactyla;leptodactyla_03;1.1;2.167;1.505202312;0.194630872;0.622317597;burrow;1.302;0.865;0.29;0.466;1.49
Leptuca_leptodactyla;leptodactyla_04;0.94;1.386;1.047267356;0.272421525;0.597051597;burrow;0.709;0.677;0.243;0.407;0.892
Leptuca_leptodactyla;leptodactyla_05;NA;2.09;1.906815021;0.142767689;NA;burrow;1.371;0.719;0.228;NA;1.597
Leptuca_latimanus;latimanus_01;0.8;0.848;0.536231884;0.351089588;NA;burrow;0.296;0.552;0.145;NA;0.413
Leptuca_latimanus;latimanus_02;0.69;0.698;0.591324201;0.367088608;NA;burrow;0.259;0.438;0.116;NA;0.316
Leptuca_latimanus;latimanus_03;0.79;0.857;0.472508591;0.349462366;NA;burrow;0.275;0.582;0.13;NA;0.372
Leptuca_latimanus;latimanus_04;0.68;0.621;0.52955665;0.387900356;NA;burrow;0.215;0.406;0.109;NA;0.281
Tubuca_longidigitum;longidigitum_01;1.79;3.129;2.251559252;0.13434089;0.214333557;surface;2.166;0.962;0.32;1.493;2.382
Tubuca_longidigitum;longidigitum_02;1.5;2.162;1.384785006;0.203378378;0.336312849;surface;1.256;0.907;0.301;0.895;1.48
Tubuca_longidigitum;longidigitum_03;NA;3.091;2.548794489;0.125;NA;surface;2.22;0.871;0.304;NA;2.432
Tubuca_longidigitum;longidigitum_04;1.34;1.682;1.131812421;0.23857404;0.369688385;surface;0.893;0.789;0.261;0.706;1.094
Tubuca_longidigitum;longidigitum_05;1.31;1.785;1.315175097;0.207014542;0.341325811;surface;1.014;0.771;0.242;0.709;1.169
Tubuca_longidigitum;longidigitum_06;1.01;0.953;0.81870229;0.308231173;0.494382022;surface;0.429;0.524;0.176;0.356;0.571
Uca_maracoani;maracoani_01;1.815;1.356;1.128728414;0.258947368;NA;burrow;0.719;0.637;0.246;NA;0.95
Uca_maracoani;maracoani_02;3.76;6.527;1.869010989;0.136492507;NA;burrow;4.252;2.275;0.674;NA;4.938
Uca_maracoani;maracoani_03;2.105;1.819;1.338046272;0.198373984;NA;burrow;1.041;0.778;0.244;NA;1.23
Uca_maracoani;maracoani_04;3.915;6.477;2.028050491;0.163762376;NA;burrow;4.338;2.139;0.827;NA;5.05
Uca_maracoani;maracoani_05;3.44;5.906;1.831255992;0.155695349;NA;burrow;3.82;2.086;0.693;NA;4.451
Uca_maracoani;maracoani_06;3.38;5.566;1.828252033;0.150132116;0.331564987;burrow;3.598;1.968;0.625;1.885;4.163
Uca_maracoani;maracoani_07;3.575;6.082;1.810536044;0.154543445;0.354822335;burrow;3.918;2.164;0.699;1.97;4.523
Minuca_minax;minax_01;2.69;4.868;1.473577236;0.180521262;NA;burrow;2.9;1.968;0.658;NA;3.645
Minuca_minax;minax_02;2.585;4.766;1.208989805;0.205958924;NA;burrow;2.609;2.158;0.712;NA;3.457
Minuca_minax;minax_03;2.625;5.173;1.699165798;0.155850541;NA;burrow;3.259;1.918;0.634;NA;4.068
Minuca_minax;minax_04;2.48;4.521;1.76405868;0.180369128;NA;burrow;2.886;1.636;0.645;NA;3.576
Minuca_minax;minax_05;2.375;4.096;1.161119915;0.226974819;0.637596899;burrow;2.198;1.893;0.658;1.032;2.899
Minuca_minax;minax_06;2.545;4.371;1.075498575;0.251675603;0.642429427;burrow;2.265;2.106;0.751;1.169;2.984
Austruca_mjoebergi;mjoebergi_01;1.16;1.97;0.98989899;0.265769554;0.457971014;both;0.98;0.99;0.316;0.69;1.189
Austruca_mjoebergi;mjoebergi_02;0.955;1.394;1.017366136;0.244389027;NA;both;0.703;0.691;0.196;0;0.802
Austruca_mjoebergi;mjoebergi_03;1.035;1.543;0.874848117;0.259593679;0.439770554;both;0.72;0.823;0.23;0.523;0.886
Austruca_mjoebergi;mjoebergi_04;0.98;1.382;0.926080893;0.247374562;NA;both;0.664;0.717;0.212;0;0.857
Austruca_mjoebergi;mjoebergi_05;0.93;1.263;0.802857143;0.305865922;NA;both;0.562;0.7;0.219;0;0.716
Austruca_mjoebergi;mjoerbergi_06;NA;2.058;1.323927765;0.191108162;NA;both;1.173;0.886;0.288;0;1.507
Uca_ornata;ornata_01;3.69;5.022;2.200764818;0.123612139;0.345279118;burrow;3.453;1.569;0.501;1.451;4.053
Leptuca_panacea;panacea_01;1.345;2.035;1.14556962;0.193438141;NA;burrow;1.086;0.948;0.283;0;1.463
Leptuca_panacea;panacea_02;1.345;2.152;1.277248677;0.189393939;NA;burrow;1.207;0.945;0.3;0;1.584
Leptuca_panacea;panacea_03;1.4;1.826;1.148235294;0.195906433;NA;burrow;0.976;0.85;0.268;0;1.368
Leptuca_panacea;panacea_04;1.47;2.259;1.234421365;0.200948429;NA;burrow;1.248;1.011;0.339;0;1.687
Leptuca_panacea;panacea_05;1.475;2.251;1.396166134;0.177906977;NA;burrow;1.311;0.939;0.306;0;1.72
Petruca_panamensis;panamensis_01;1.01;0.903;0.627027027;0.360515021;NA;surface;0.348;0.555;0.168;0;0.466
Petruca_panamensis;panamensis_02;1.22;1.588;0.899521531;0.243534483;NA;surface;0.752;0.836;0.226;0;0.928
Petruca_panamensis;panamensis_03;1.41;1.959;0.885466795;0.267985612;NA;surface;0.92;1.039;0.298;0;1.112
Petruca_panamensis;panamensis_04;1.42;1.937;0.850047755;0.277777778;NA;surface;0.89;1.047;0.315;0;1.134
Petruca_panamensis;panamensis_05;1.42;1.993;0.900952381;0.288006757;NA;surface;0.946;1.05;0.341;0;1.184
Petruca_panamensis;panamensis_06;1.405;2.006;0.866046512;0.25729443;NA;surface;0.931;1.075;0.291;0;1.131
Petruca_panamensis;panamensis_07;1.405;2;0.906577693;0.26993865;NA;surface;0.951;1.049;0.308;0;1.141
Petruca_panamensis;panamensis_08;1.585;2.307;0.945945946;0.270622287;NA;surface;1.12;1.184;0.374;0;1.382
Petruca_panamensis;panamensis_09;1.435;2.191;0.892055268;0.295862607;NA;surface;1.033;1.158;0.379;0;1.281
Petruca_panamensis;panamensis_10;1.875;3.245;1.047318612;0.279833246;NA;surface;1.66;1.585;0.537;0;1.919
Tubuca_paradussumieri;paradussumieri_01;2.665;4.498;1.579219288;0.185950413;0.641447368;burrow;2.751;1.742;0.585;0.912;3.146
Tubuca_paradussumieri;paradussumieri_02;2.225;3.547;1.404745763;0.195473251;0.625823452;burrow;2.072;1.475;0.475;0.759;2.43
Tubuca_paradussumieri;paradussumieri_03;2.57;4.52;1.784966112;0.158934451;0.535822402;burrow;2.897;1.623;0.531;0.991;3.341
Tubuca_paradussumieri;paradussumieri_04;1.77;1.868;0.989350373;0.270718232;0.433628319;burrow;0.929;0.939;0.294;0.678;1.086
Austruca_perplexa;perplexa_01;1.385;2.767;1.461743772;0.178179825;0.690021231;both;1.643;1.124;0.325;0.471;1.824
Austruca_perplexa;perplexa_02;1.54;2.777;1.395689655;0.20230608;0.694244604;both;1.619;1.16;0.386;0.556;1.908
Tubuca_polita;polita_01;2.485;4.19;1.317477876;0.207013575;0.385263158;surface;2.382;1.808;0.549;1.425;2.652
Tubuca_polita;polita_02;1.74;2.105;0.768907563;0.333039648;0.526462396;surface;0.915;1.19;0.378;0.718;1.135
Tubuca_polita;polita_03;1.845;2.459;0.941640379;0.268111036;0.430903156;surface;1.194;1.268;0.396;0.919;1.477
Tubuca_polita;polita_04;1.6;1.98;0.703353396;0.324553151;NA;surface;0.818;1.163;0.345;0;1.063
Tubuca_polita;polita_05;1.97;2.69;0.87456446;0.285523682;0.468784228;surface;1.255;1.435;0.428;0.913;1.499
Tubuca_polita;polita_06;1.96;2.875;1.021800281;0.240928019;0.419689119;surface;1.453;1.422;0.405;0.965;1.681
Tubuca_polita;polita_07;1.465;1.715;0.746938776;0.301948052;0.471283784;surface;0.732;0.98;0.279;0.592;0.924
Uca_princeps;princeps_01;2.175;2.41;0.91183479;0.258897418;0.405021834;surface;1.148;1.259;0.371;0.916;1.433
Leptuca_pugilator;pugilator_01;1.735;2.586;1;0.212851406;0.642980936;burrow;1.293;1.293;0.371;0.577;1.743
Leptuca_pugilator;pugilator_02;1.565;2.382;0.912590217;0.243681141;NA;burrow;1.138;1.247;0.376;0;1.543
Leptuca_pugilator;pugilator_03;1.67;2.414;1;0.237195122;0.781124498;burrow;1.207;1.207;0.389;0.498;1.64
Leptuca_pugilator;pugilator_04;1.26;1.37;0.758664955;0.267605634;NA;burrow;0.591;0.779;0.228;0;0.852
Leptuca_pugilator;pugilator_05;1.4;2.008;0.938223938;0.258391881;NA;burrow;0.972;1.036;0.331;0;1.281
Leptuca_pugilator;pugilator_06;1.665;2.672;0.956076135;0.216549296;0.689719626;burrow;1.306;1.366;0.369;0.535;1.704
Leptuca_pugilator;pugilator_07;1.67;2.642;1.004552352;0.222844345;NA;burrow;1.324;1.318;0.398;0;1.786
Leptuca_pugilator;pugilator_08;1.495;2.075;0.924860853;0.228782288;NA;burrow;0.997;1.078;0.31;0;1.355
Leptuca_pugilator;pugilator_09;1.765;2.839;1.066957787;0.213483146;0.728222997;burrow;1.466;1.374;0.418;0.574;1.958
Leptuca_pugilator;pugilator_10;1.635;2.519;1.020048115;0.233705226;0.681506849;burrow;1.272;1.247;0.398;0.584;1.703
Leptuca_pugilator;pugilator_11;1.77;3.036;1.092477571;0.222380952;0.632791328;burrow;1.583;1.449;0.467;0.738;2.1
Leptuca_pugilator;pugilator_12;1.325;1.712;0.864776445;0.237113402;NA;burrow;0.793;0.917;0.253;0;1.067
Leptuca_pugilator;pugilator_13;2.05;3.442;1.12;0.208731809;0.644415918;burrow;1.82;1.625;0.502;0.779;2.405
Leptuca_pugilator;pugilator_14;2.03;2.972;1.07472067;0.203181818;0.60651289;burrow;1.539;1.432;0.447;0.737;2.2
Leptuca_pugilator;pugilator_15;1.485;2.122;0.964847364;0.233142037;NA;burrow;1.043;1.081;0.325;0;1.394
Leptuca_pugilator;pugilator_16;1.305;1.361;0.664215686;0.270833333;NA;burrow;0.542;0.816;0.208;0;0.768
Leptuca_pugilator;pugilator_17;1.43;1.166;0.938538206;0.220779221;NA;burrow;0.565;0.602;0.17;0;0.77
Leptuca_pugilator;pugilator_18;1.43;1.921;0.869395712;0.26370135;NA;burrow;0.892;1.026;0.332;0;1.259
Leptuca_pugilator;pugilator_19;1.42;1.1;0.877133106;0.246478873;NA;burrow;0.514;0.586;0.175;0;0.71
Leptuca_pugilator;pugilator_20;2;3.194;1.01070529;0.252365931;0.725388601;burrow;1.605;1.588;0.56;0.772;2.219
Leptuca_pugilator;pugilator_21;1.675;2.604;0.986270023;0.234447005;0.6512;burrow;1.293;1.311;0.407;0.625;1.736
Leptuca_pugilator;pugilator_22;2.04;3.631;1.244128554;0.186333084;NA;burrow;2.013;1.618;0.499;0;2.678
Leptuca_pugilator;pugilator_23;1.875;2.92;1.046218487;0.219199179;0.696574225;burrow;1.494;1.428;0.427;0.613;1.948
Leptuca_pugilator;pugilator_24;1.9;2.982;1.066528067;0.22178413;0.650289017;burrow;1.539;1.443;0.45;0.692;2.029
Leptuca_pugilator;pugilator_25;1.775;2.935;1.004095563;0.238798371;0.736263736;burrow;1.471;1.465;0.469;0.637;1.964
Leptuca_pugilator;pugilator_26;1.48;2.005;0.791778374;0.255451713;NA;burrow;0.886;1.119;0.328;0;1.284
Leptuca_pugilator;pugilator_27;1.8;2.811;1.163328197;0.216380182;NA;burrow;1.51;1.298;0.428;0;1.978
Leptuca_pugilator;pugilator_28;1.95;3.082;1.261188555;0.19816273;0.783737024;burrow;1.719;1.363;0.453;0.578;2.286
Leptuca_pugilator;pugilator_29;1.46;1.909;0.772516249;0.264656616;NA;burrow;0.832;1.077;0.316;0;1.194
Leptuca_pugilator;pugilator_30;1.89;3.03;1.015312916;0.214774951;0.70015949;burrow;1.525;1.502;0.439;0.627;2.044
Leptuca_pugilator;pugilator_31;1.315;1.414;0.726495726;0.274231678;NA;burrow;0.595;0.819;0.232;0;0.846
Leptuca_pugilator;pugilator_32;1.115;1.073;0.532188841;0.363951473;NA;burrow;0.372;0.699;0.21;0;0.577
Leptuca_pugilator;pugilator_33;1.935;3.254;1.29540636;0.164746052;NA;burrow;1.833;1.415;0.386;0;2.343
Leptuca_pugilator;pugilator_34;1.51;1.352;0.99852071;0.206257242;NA;burrow;0.675;0.676;0.178;0;0.863
Leptuca_pugilator;pugilator_35;1.745;2.747;0.993454545;0.23206278;NA;burrow;1.366;1.375;0.414;0;1.784
Leptuca_pugilator;pugilator_36;1.91;3.185;1.037747921;0.213504517;0.702660407;burrow;1.622;1.563;0.449;0.639;2.103
Leptuca_pugilator;pugilator_37;2.115;3.595;1.041453719;0.20258795;0.648124191;burrow;1.834;1.761;0.501;0.773;2.473
Leptuca_pugilator;pugilator_38;1.86;2.857;1.007735584;0.210961737;NA;burrow;1.433;1.422;0.408;0;1.934
Leptuca_pugilator;pugilator_39;1.9;3.023;1.093425606;0.228136882;0.733944954;burrow;1.58;1.445;0.48;0.654;2.104
Leptuca_pugilator;pugilator_40;2.13;3.549;1.108204518;0.19796748;0.5669383;burrow;1.864;1.682;0.487;0.859;2.46
Leptuca_pugilator;pugilator_41;1.825;3.049;1.255177515;0.198549411;NA;burrow;1.697;1.352;0.438;0;2.206
Leptuca_pugilator;pugilator_42;1.435;1.812;0.828629032;0.243816254;NA;burrow;0.822;0.992;0.276;0;1.132
Leptuca_pugilator;pugilator_43;1.88;2.989;1.05353466;0.210500491;0.648036254;burrow;1.535;1.457;0.429;0.662;2.038
Leptuca_pugilator;pugilator_44;1.72;2.711;1.120406568;0.208652793;0.643581081;burrow;1.433;1.279;0.381;0.592;1.826
Leptuca_pugilator;pugilator_45;1.9;2.916;1.370731707;0.164090909;NA;burrow;1.686;1.23;0.361;0;2.2
Leptuca_pugilator;pugilator_46;1.45;1.486;0.959048877;0.254491018;NA;burrow;0.726;0.757;0.255;0;1.002
Leptuca_pugilator;pugilator_47;1.825;2.771;1.032258065;0.232180294;NA;burrow;1.408;1.364;0.443;0;1.908
Leptuca_pugilator;pugilator_48;2.07;3.593;1.116018846;0.214141414;0.636254502;burrow;1.895;1.698;0.53;0.833;2.475
Leptuca_pugilator;pugilator_49;1.71;2.561;0.97382602;0.249566724;0.857142857;burrow;1.265;1.299;0.432;0.504;1.731
Leptuca_pugilator;pugilator_50;1.95;3.009;1.051089918;0.207048458;0.608633094;burrow;1.543;1.468;0.423;0.695;2.043
Minuca_pugnax;pugnax_01;1.725;2.655;1.069368667;0.225806452;0.615151515;burrow;1.372;1.283;0.406;0.66;1.798
Minuca_pugnax;pugnax_02;1.79;2.982;1.157132513;0.193409742;0.567226891;burrow;1.598;1.381;0.405;0.714;2.094
Minuca_pugnax;pugnax_03;1.81;2.777;1.095849057;0.214761661;0.619822485;burrow;1.452;1.325;0.419;0.676;1.951
Minuca_pugnax;pugnax_04;1.935;3.269;1.074920635;0.215262461;NA;burrow;1.693;1.575;0.488;0;2.267
Minuca_pugnax;pugnax_05;1.875;3.211;1.396268657;0.183795309;NA;burrow;1.871;1.34;0.431;0;2.345
Minuca_pugnax;pugnax_06;1.79;2.919;1.169642857;0.200526316;0.611556982;burrow;1.572;1.344;0.381;0.623;1.9
Minuca_pugnax;pugnax_07;1.905;3.472;1.242894057;0.194365047;0.593516209;burrow;1.924;1.548;0.476;0.802;2.449
Minuca_pugnax;pugnax_08;1.965;3.192;1.118115461;0.231247014;0.611111111;burrow;1.685;1.507;0.484;0.792;2.093
Minuca_pugnax;pugnax_09;1.735;2.947;1.401305057;0.187115111;NA;burrow;1.718;1.226;0.395;0;2.111
Minuca_pugnax;pugnax_10;1.96;3.396;1.167412141;0.194112628;0.573770492;burrow;1.827;1.565;0.455;0.793;2.344
Minuca_pugnax;pugnax_11;2.08;3.437;1.439318666;0.167125442;NA;burrow;2.028;1.409;0.425;0;2.543
Minuca_pugnax;pugnax_12;1.775;2.968;1.132142857;0.187684729;0.531380753;burrow;1.585;1.4;0.381;0.717;2.03
Minuca_pugnax;pugnax_13;2.145;3.442;1.444207534;0.167916042;NA;burrow;2.032;1.407;0.448;0;2.668
Minuca_pugnax;pugnax_14;1.85;3.008;1.096301465;0.210266535;0.605113636;burrow;1.571;1.433;0.426;0.704;2.026
Minuca_pugnax;pugnax_15;1.49;2.297;1.039007092;0.198956295;0.611222445;burrow;1.172;1.128;0.305;0.499;1.533
Minuca_pugnax;pugnax_16;1.575;2.336;1.092293907;0.196214511;NA;burrow;1.219;1.116;0.311;0;1.585
Minuca_pugnax;pugnax_17;1.705;2.741;1.165086888;0.186466942;0.599667774;burrow;1.475;1.266;0.361;0.602;1.936
Minuca_pugnax;pugnax_18;1.6;2.4;0.967266776;0.211168164;NA;burrow;1.182;1.222;0.329;0;1.558
Minuca_pugnax;pugnax_19;1.92;3.283;1.485627837;0.17322209;NA;burrow;1.964;1.322;0.436;0;2.517
Minuca_pugnax;pugnax_20;1.945;2.435;1.02828619;0.214417745;0.628158845;burrow;1.236;1.202;0.348;0.554;1.623
Minuca_pugnax;pugnax_21;1.6;2.24;0.930172414;0.229613734;0.591160221;burrow;1.079;1.16;0.321;0.543;1.398
Minuca_pugnax;pugnax_22;2;3.443;1.138509317;0.189403421;0.593464052;burrow;1.833;1.61;0.454;0.765;2.397
Minuca_pugnax;pugnax_23;1.875;3.346;1.133290816;0.217409949;0.676902537;burrow;1.777;1.568;0.507;0.749;2.332
Minuca_pugnax;pugnax_24;1.64;2.722;1.233606557;0.198183761;NA;burrow;1.505;1.22;0.371;0;1.872
Minuca_pugnax;pugnax_25;1.81;2.853;1.430638298;0.179054054;NA;burrow;1.681;1.175;0.371;0;2.072
Minuca_pugnax;pugnax_26;1.935;3.31;1.188243065;0.2115548;0.702397743;burrow;1.799;1.514;0.498;0.709;2.354
Minuca_pugnax;pugnax_27;1.92;3.07;1.10782967;0.200465116;0.646176912;burrow;1.613;1.456;0.431;0.667;2.15
Minuca_pugnax;pugnax_28;1.77;2.934;1.101719198;0.206673307;0.643410853;burrow;1.538;1.396;0.415;0.645;2.008
Minuca_pugnax;pugnax_29;1.755;2.827;1.145344436;0.193908629;0.640939597;burrow;1.513;1.321;0.382;0.596;1.97
Minuca_pugnax;pugnax_30;2.015;3.217;1.372968981;0.199246547;NA;burrow;1.859;1.354;0.476;0;2.389
Minuca_pugnax;pugnax_31;1.99;3.661;1.231848688;0.198680636;0.709141274;burrow;2.019;1.639;0.512;0.722;2.577
Minuca_pugnax;pugnax_32;1.955;3.387;1.237120211;0.210480728;0.646276596;burrow;1.873;1.514;0.486;0.752;2.309
Minuca_pugnax;pugnax_33;1.74;2.856;1.103244838;0.208354559;0.585121602;burrow;1.496;1.356;0.409;0.699;1.963
Minuca_pugnax;pugnax_34;1.9;3.367;1.118164676;0.203776899;0.670520231;burrow;1.779;1.591;0.464;0.692;2.277
Minuca_pugnax;pugnax_35;1.94;3.338;1.233957219;0.203007519;0.642857143;burrow;1.846;1.496;0.486;0.756;2.394
Minuca_pugnax;pugnax_36;1.895;3.238;1.415671642;0.168978562;NA;burrow;1.897;1.34;0.402;0;2.379
Minuca_pugnax;pugnax_37;1.82;2.858;1.093910492;0.212958312;0.652307692;burrow;1.491;1.363;0.424;0.65;1.991
Minuca_pugnax;pugnax_38;2.055;3.618;1.2300123;0.205250597;0.607773852;burrow;2;1.626;0.516;0.849;2.514
Minuca_pugnax;pugnax_39;1.765;3.122;1.187806587;0.195054945;0.669811321;burrow;1.695;1.427;0.426;0.636;2.184
Minuca_pugnax;pugnax_40;2.1;3.882;1.513601036;0.167130919;NA;burrow;2.337;1.544;0.48;0;2.872
Minuca_pugnax;pugnax_41;2;2.977;1.309006211;0.195240194;NA;burrow;1.686;1.288;0.443;0;2.269
Minuca_pugnax;pugnax_42;1.905;3.418;1.194355356;0.178705637;0.593619972;burrow;1.862;1.559;0.428;0.721;2.395
Minuca_pugnax;pugnax_43;1.84;1.522;1.037483266;0.225071225;NA;burrow;0.775;0.747;0.237;0;1.053
Minuca_pugnax;pugnax_44;1.965;3.402;1.187419769;0.198644642;0.546620047;burrow;1.85;1.558;0.469;0.858;2.361
Minuca_pugnax;pugnax_45;1.85;3.197;1.183743169;0.193444137;0.644615385;burrow;1.733;1.464;0.419;0.65;2.166
Minuca_pugnax;pugnax_46;2.02;3.609;1.318971061;0.188872067;NA;burrow;2.051;1.555;0.499;0;2.642
Minuca_pugnax;pugnax_47;1.935;3.128;1.206214689;0.189440994;0.578590786;burrow;1.708;1.416;0.427;0.738;2.254
Minuca_pugnax;pugnax_48;2.07;3.335;1.185452163;0.182770664;NA;burrow;1.809;1.526;0.471;0;2.577
Minuca_pugnax;pugnax_49;1.78;2.964;1.071278826;0.206341694;0.604715673;burrow;1.533;1.431;0.436;0.721;2.113
Minuca_pugnax;pugnax_50;1.915;3.282;1.152987525;0.195545657;0.633477633;burrow;1.756;1.523;0.439;0.693;2.245
Minuca_rapax;rapax_01;1.78;2.408;0.94516129;0.239536381;NA;burrow;1.172;1.24;0.372;0;1.553
Minuca_rapax;rapax_02;1.6;1.829;0.67827681;0.307981221;NA;burrow;0.74;1.091;0.328;0;1.065
Minuca_rapax;rapax_03;1.775;2.528;0.990551181;0.245931284;NA;burrow;1.258;1.27;0.408;0;1.659
Minuca_rapax;rapax_04;1.525;1.582;0.656544503;0.314641745;NA;burrow;0.627;0.955;0.303;0;0.963
Tubuca_rhizophorae;rhizophorae_01;1.6;2.72;1.359618718;0.172586016;0.348264278;surface;1.569;1.154;0.311;0.893;1.802
Tubuca_rhizophorae;rhizophorae_02;1.615;2.896;1.486672399;0.1895;0.34580292;surface;1.729;1.163;0.379;1.096;2
Tubuca_rhizophorae;rhizophorae_04;1.435;2.007;0.94015444;0.27090301;0.620689655;surface;0.974;1.036;0.324;0.522;1.196
Tubuca_rhizophorae;rhizophorae_05;1.35;1.916;0.933400605;0.205882353;0.465725806;surface;0.925;0.991;0.231;0.496;1.122
Tubuca_rhizophorae;rhizophorae_06;1.815;3.54;1.343915344;0.177051998;0.534370947;surface;2.032;1.512;0.412;0.771;2.327
Tubuca_rosea;rosea_01;2.05;3.159;1.406559878;0.203556387;NA;surface;1.844;1.311;0.435;0;2.137
Tubuca_rosea;rosea_02;2.005;3.186;1.264392324;0.210473815;0.538265306;surface;1.779;1.407;0.422;0.784;2.005
Leptuca_saltitanta;saltitanta_01;0.64;0.6;0.886792453;0.262411348;0.60989011;burrow;0.282;0.318;0.111;0.182;0.423
Leptuca_saltitanta;saltitanta_02;0.54;0.879;0.882226981;0.235209235;0.517460317;burrow;0.412;0.467;0.163;0.315;0.693
Leptuca_saltitanta;saltitanta_03;0.53;0.5;0.84501845;0.237082067;0.537931034;burrow;0.229;0.271;0.078;0.145;0.329
Leptuca_saltitanta;saltitanta_04;0.675;0.978;1.094218415;0.233910891;0.529411765;burrow;0.511;0.467;0.189;0.357;0.808
Leptuca_saltitanta;saltitanta_05;0.74;0.989;1.08649789;0.238767651;0.542274052;burrow;0.515;0.474;0.186;0.343;0.779
Leptuca_saltitanta;saltitanta_07;0.65;0.98;1.016460905;0.227106227;0.521008403;burrow;0.494;0.486;0.186;0.357;0.819
Leptuca_saltitanta;saltitanta_08;0.595;0.898;1.054919908;0.194254446;0.446540881;burrow;0.461;0.437;0.142;0.318;0.731
Leptuca_saltitanta;saltitanta_12;0.685;0.969;1.01875;0.230585424;0.539106145;burrow;0.489;0.480;0.193;0.358;0.837
Leptuca_saltitanta;saltitanta_13;0.64;0.967;1.057446809;0.21625;0.525835866;burrow;0.497;0.470;0.173;0.329;0.8
Leptuca_saltitanta;saltitanta_20;0.71;0.784;0.884615385;0.243103448;NA;burrow;0.368;0.416;0.141;0;0.58
Leptuca_saltitanta;saltitanta_21;0.645;0.917;0.96359743;0.229249012;0.501440922;burrow;0.450;0.467;0.174;0.347;0.759
Leptuca_saltitanta;saltitanta_23;0.45;0.466;0.723247232;0.287539936;0.584415584;burrow;0.196;0.271;0.09;0.154;0.313
Leptuca_saltitanta;saltitanta_24;0.49;0.745;0.976190476;0.251736111;0.564202335;burrow;0.369;0.378;0.145;0.257;0.576
Leptuca_saltitanta;saltitanta_25;0.495;0.604;0.825301205;0.281725888;NA;burrow;0.274;0.332;0.111;0;0.394
Leptuca_saltitanta;saltitanta_26;0.6;0.756;0.956072351;0.242833052;0.535315985;burrow;0.370;0.387;0.144;0.269;0.593
Leptuca_saltitanta;saltitanta_28;0.51;0.616;0.910216718;0.27826087;0.551724138;burrow;0.294;0.323;0.128;0.232;0.46
Leptuca_saltitanta;saltitanta_29;0.595;0.876;0.995444191;0.253644315;0.587837838;burrow;0.437;0.439;0.174;0.296;0.686
Leptuca_saltitanta;saltitanta_32;0.625;0.931;1.103837472;0.259602649;0.590361446;burrow;0.489;0.443;0.196;0.332;0.755
Leptuca_saltitanta;saltitanta_34;0.58;0.755;1;0.258445946;0.588461538;burrow;0.379;0.379;0.153;0.26;0.592
Leptuca_saltitanta;saltitanta_36;0.535;0.63;0.826086957;0.276785714;0.587677725;burrow;0.285;0.345;0.124;0.211;0.448
Leptuca_saltitanta;saltitanta_37;0.61;0.844;1.153061224;0.220527046;0.521311475;burrow;0.452;0.392;0.159;0.305;0.721
Leptuca_saltitanta;saltitanta_39;0.57;0.795;1.056994819;0.215654952;0.5;burrow;0.408;0.386;0.135;0.27;0.626
Leptuca_saltitanta;saltitanta_41;0.585;0.79;0.970074813;0.25566343;0.558303887;burrow;0.389;0.401;0.158;0.283;0.618
Leptuca_saltitanta;saltitanta_43;0.46;0.482;0.765567766;0.261006289;0.549668874;burrow;0.209;0.273;0.083;0.151;0.318
Leptuca_saltitanta;saltitanta_44;0.61;0.808;1.009950249;0.224111283;0.483333333;burrow;0.406;0.402;0.145;0.3;0.647
Leptuca_saltitanta;saltitanta_45;0.6;0.619;0.873111782;0.279379157;0.623762376;burrow;0.289;0.331;0.126;0.202;0.451
Leptuca_saltitanta;saltitanta_46;0.56;0.673;0.794117647;0.298755187;0.637168142;burrow;0.297;0.374;0.144;0.226;0.482
Leptuca_saltitanta;saltitanta_47;0.57;0.804;0.928057554;0.238993711;0.552727273;burrow;0.387;0.417;0.152;0.275;0.636
Leptuca_saltitanta;saltitanta_48;0.5;0.519;0.710526316;0.319148936;NA;burrow;0.216;0.304;0.105;0;0.329
Leptuca_saltitanta;saltitanta_49;0.58;0.838;0.960280374;0.25;0.558922559;burrow;0.411;0.428;0.166;0.297;0.664
Tubuca_signata;signata_01;1.49;2.401;1.159172662;0.263229308;0.670120898;surface;1.289;1.112;0.388;0.579;1.474
Tubuca_signata;signata_02;1.135;1.499;0.991989319;0.311897106;0.718518519;surface;0.743;0.749;0.291;0.405;0.933
Tubuca_signata;signata_03;0.99;1.04;0.685575365;0.393442623;NA;surface;0.423;0.617;0.24;0;0.61
Austruca_sindensis;sindensis_01;1.215;1.601;0.684542587;0.353125;NA;burrow;0.651;0.951;0.339;0;0.96
Austruca_sindensis;sindensis_02;1.12;1.043;1.092184369;0.221763085;NA;burrow;0.545;0.499;0.161;0;0.726
Austruca_sindensis;sindensis_03;1.06;1.32;0.97309417;NA;NA;burrow;0.651;0.669;0.173;0;0
Austruca_sindensis;sindensis_04;0.86;0.935;0.82778865;0.335689046;0.88372093;burrow;0.423;0.511;0.19;0.215;0.566
Austruca_sindensis;sindensis_05;0.94;1.073;0.826235094;NA;NA;burrow;0.485;0.587;0.169;0;0
Austruca_sindensis;sindensis_06;0.995;1.198;0.765140325;0.324400564;0.867924528;burrow;0.518;0.677;0.23;0.265;0.709
Leptuca_speciosa;speciosa_01;NA;1.965;1.225368063;0.186317322;NA;burrow;1.082;0.883;0.256;0;1.374
Leptuca_speciosa;speciosa_02;1.25;2.177;1.323372465;0.180738786;NA;burrow;1.24;0.937;0.274;0;1.516
Leptuca_speciosa;speciosa_03;1.255;2.082;1.318485523;0.182178218;NA;burrow;1.184;0.898;0.276;0;1.515
Leptuca_speciosa;speciosa_04;1.175;1.95;1.309241706;0.188040346;NA;burrow;1.105;0.844;0.261;0;1.388
Leptuca_speciosa;speciosa_05;0.955;1.243;1.047775947;0.198555957;NA;burrow;0.636;0.607;0.165;0;0.831
Leptuca_speciosa;speciosa_06;1.045;1.385;1.071856287;0.230939227;NA;burrow;0.716;0.668;0.209;0;0.905
Leptuca_stenodactylus;stenodactylus_01;1.515;1.711;1.10974106;0.20556553;NA;burrow;0.9;0.811;0.229;0;1.114
Leptuca_stenodactylus;stenodactylus_02;1.19;1.956;1.205417607;0.204949729;0.552083333;burrow;1.068;0.886;0.265;NA;1.293
Leptuca_stenodactylus;stenodactylus_03;0.62;0.871;0.993135011;0.208015267;0.475982533;burrow;0.434;0.437;0.109;0.3545;0.524
Leptuca_stenodactylus;stenodactylus_04;1.02;1.959;1.439601494;0.164566345;0.432748538;burrow;1.156;0.803;0.222;0.513;1.349
Leptuca_stenodactylus;stenodactylus_05;0.805;1.261;1.166666667;0.183080808;0.467741935;burrow;0.679;0.582;0.145;0.31;0.792
Leptuca_stenodactylus;stenodactylus_06;1.165;2.01;1.250839866;0.177262528;0.502118644;burrow;1.117;0.893;0.237;0.472;1.337
Leptuca_stenodactylus;stenodactylus_07;1.04;2.024;1.459295261;0.155937053;0.450413223;burrow;1.201;0.823;0.218;0.484;1.398
Leptuca_stenodactylus;stenodactylus_08;0.89;1.344;1.297435897;0.203225806;NA;burrow;0.759;0.585;0.189;0;0.93
Leptuca_stenodactylus;stenodactylus_09;1.115;1.989;1.367857143;0.191553544;NA;burrow;1.149;0.84;0.254;0;1.326
Leptuca_stenodactylus;stenodactylus_10;0.845;1.237;1.208928571;0.203773585;0.5;burrow;0.677;0.56;0.162;0.324;0.795
Leptuca_stenodactylus;stenodactylus_11;1.015;1.805;1.274336283;0.190677966;0.490196078;burrow;1.008;0.791;0.225;0.459;1.18
Leptuca_stenodactylus;stenodactylus_12;0.925;1.492;1.264036419;0.174796748;0.464864865;burrow;0.833;0.659;0.172;0.37;0.984
Leptuca_stenodactylus;stenodactylus_13;1.185;1.963;1.141921397;0.202044025;NA;burrow;1.046;0.916;0.257;0;1.272
Leptuca_stenodactylus;stenodactylus_14;0.975;1.713;1.299328859;0.178321678;NA;burrow;0.968;0.745;0.204;0;1.144
Leptuca_stenodactylus;stenodactylus_15;0.94;1.776;1.403247632;0.170334148;NA;burrow;1.037;0.739;0.209;0;1.227
Leptuca_stenodactylus;stenodactylus_16;0.835;0.865;0.957013575;0.206766917;NA;burrow;0.423;0.442;0.11;0;0.532
Leptuca_stenodactylus;stenodactylus_17;0.97;1.568;1.188547486;0.220113852;0.593350384;burrow;0.851;0.716;0.232;0.391;1.054
Leptuca_stenodactylus;stenodactylus_18;0.905;1.355;1.107309487;0.193063584;0.590106007;burrow;0.712;0.643;0.167;0.283;0.865
Leptuca_stenodactylus;stenodactylus_19;0.835;1.222;1.05033557;0.203504043;0.524305556;burrow;0.626;0.596;0.151;0.288;0.742
Leptuca_stenodactylus;stenodactylus_20;0.81;1.32;1.299651568;0.167981962;NA;burrow;0.746;0.574;0.149;0;0.887
Leptuca_stenodactylus;stenodactylus_21;0.975;1.651;1.305322129;0.191956124;0.514705882;burrow;0.932;0.714;0.21;0.408;1.094
Leptuca_stenodactylus;stenodactylus_22;1.025;1.27;1.056726094;0.215144231;NA;burrow;0.652;0.617;0.179;0;0.832
Leptuca_stenodactylus;stenodactylus_23;0.8;1.327;1.252971138;0.189066059;NA;burrow;0.738;0.589;0.166;0;0.878
Leptuca_stenodactylus;stenodactylus_24;0.805;1.2;1.083333333;0.206711409;NA;burrow;0.624;0.576;0.154;0;0.745
Leptuca_stenodactylus;stenodactylus_25;0.6;0.612;0.865853659;0.252941176;NA;burrow;0.284;0.328;0.086;0;0.34
Leptuca_stenodactylus;stenodactylus_26;0.645;0.875;1.011494253;0.221189591;NA;burrow;0.44;0.435;0.119;0;0.538
Leptuca_stenodactylus;stenodactylus_27;1.005;1.737;1.297619048;0.180017227;0.492924528;burrow;0.981;0.756;0.209;0.424;1.161
Leptuca_stenodactylus;stenodactylus_28;1.125;1.964;1.421701603;0.173180077;NA;burrow;1.153;0.811;0.226;0;1.305
Leptuca_stenodactylus;stenodactylus_29;1.03;1.749;1.228025478;0.165065502;0.473684211;burrow;0.964;0.785;0.189;0.399;1.145
Leptuca_stenodactylus;stenodactylus_30;0.995;1.931;1.478818999;0.172131148;NA;burrow;1.152;0.779;0.231;0;1.342
Leptuca_stenodactylus;stenodactylus_31;0.735;1.041;1.053254438;0.195583596;NA;burrow;0.534;0.507;0.124;0;0.634
Leptuca_stenodactylus;stenodactylus_32;0.955;1.528;1.141853933;0.190524194;0.520661157;burrow;0.813;0.712;0.189;0.363;0.992
Leptuca_stenodactylus;stenodactylus_33;1.045;1.845;1.446215139;0.182879377;0.472837022;burrow;1.089;0.753;0.235;0.497;1.285
Leptuca_stenodactylus;stenodactylus_34;1.09;1.907;1.246768508;0.18115942;NA;burrow;1.061;0.851;0.225;0;1.242
Leptuca_stenodactylus;stenodactylus_35;1.08;1.948;1.322619048;0.195063694;0.523504274;burrow;1.111;0.84;0.245;0.468;1.256
Leptuca_stenodactylus;stenodactylus_36;1.04;1.878;1.3878327;0.167580266;0.49537037;burrow;1.095;0.789;0.214;0.432;1.277
Leptuca_stenodactylus;stenodactylus_37;0.995;1.879;1.44025974;0.167927383;0.529832936;burrow;1.109;0.77;0.222;0.419;1.322
Leptuca_stenodactylus;stenodactylus_38;0.84;1.494;1.190895742;0.168150346;NA;burrow;0.811;0.681;0.17;0;1.011
Leptuca_stenodactylus;stenodactylus_39;0.87;1.738;1.46875;0.159359191;NA;burrow;1.034;0.704;0.189;0;1.186
Leptuca_stenodactylus;stenodactylus_40;0.7;0.862;0.965831435;0.226190476;0.515837104;burrow;0.424;0.439;0.114;0.221;0.504
Leptuca_stenodactylus;stenodactylus_41;0.81;1.302;1.233276158;0.184633028;NA;burrow;0.719;0.583;0.161;0;0.872
Leptuca_stenodactylus;stenodactylus_42;1.08;1.296;1.200339559;0.206367925;NA;burrow;0.707;0.589;0.175;0;0.848
Leptuca_stenodactylus;stenodactylus_43;0.985;1.706;1.366158114;0.180438449;0.525798526;burrow;0.985;0.721;0.214;0.407;1.186
Leptuca_stenodactylus;stenodactylus_44;1.085;1.822;1.372395833;0.198105762;0.531779661;burrow;1.054;0.768;0.251;0.472;1.267
Leptuca_stenodactylus;stenodactylus_45;1.005;1.732;1.23483871;0.199134199;NA;burrow;0.957;0.775;0.23;0;1.155
Leptuca_stenodactylus;stenodactylus_46;0.555;0.611;0.862804878;0.224783862;NA;burrow;0.283;0.328;0.078;0;0.347
Leptuca_stenodactylus;stenodactylus_47;0.875;1.302;1.144975288;0.198079232;NA;burrow;0.695;0.607;0.165;0;0.833
Leptuca_stenodactylus;stenodactylus_48;0.975;1.071;1.087719298;0.195156695;NA;burrow;0.558;0.513;0.137;0;0.702
Leptuca_stenodactylus;stenodactylus_49;1.045;1.813;1.261576971;0.177352206;NA;burrow;1.008;0.799;0.213;0;1.201
Leptuca_stenodactylus;stenodactylus_50;1.025;1.712;1.15889029;0.225390984;0.550561798;burrow;0.919;0.793;0.245;0.445;1.087
Uca_stylifera;stylifera_01;2.575;3.54;1.019395322;0.277382012;0.906841339;both;1.787;1.753;0.623;0.687;2.246
Uca_stylifera;stylifera_02;2.585;3.813;1.053311793;0.247381144;0.377613776;both;1.956;1.857;0.614;1.626;2.482
Uca_stylifera;stylifera_03;2.395;3.338;1.056685151;0.253724989;0.376262626;both;1.715;1.623;0.596;1.584;2.349
Afruca_tangeri;tangeri_01;3.745;6.242;1.444966706;0.164115846;NA;both;3.689;2.553;0.697;0;4.247
Leptuca_terpsichores;terpsichores_01;0.98;1.71;1.647058824;0.154216867;NA;burrow;1.064;0.646;0.192;0;1.245
Leptuca_terpsichores;terpsichores_02;0.72;1.091;1.083969466;0.236092266;NA;burrow;0.568;0.524;0.174;0;0.737
Leptuca_terpsichores;terpsichores_03;0.885;1.484;1.518644068;0.188785047;0.635220126;burrow;0.896;0.59;0.202;0.318;1.07
Leptuca_terpsichores;terpsichores_04;0.7;1.198;1.305769231;0.186018957;NA;burrow;0.679;0.52;0.157;0;0.844
Leptuca_terpsichores;terpsichores_05;0.78;1.313;1.432282004;0.1783029;NA;burrow;0.772;0.539;0.166;0;0.931
Leptuca_terpsichores;terpsichores_06;0.79;1.357;1.418149466;0.200643777;NA;burrow;0.797;0.562;0.187;0;0.932
Leptuca_terpsichores;terpsichores_07;0.98;1.634;1.417159763;0.181190682;NA;burrow;0.958;0.676;0.21;0;1.159
Leptuca_terpsichores;terpsichores_08;0.79;1.37;1.417989418;0.176107106;0.670588235;burrow;0.804;0.567;0.171;0.255;0.971
Leptuca_terpsichores;terpsichores_09;0.84;1.332;1.336842105;0.206382979;NA;burrow;0.762;0.57;0.194;0;0.94
Leptuca_terpsichores;terpsichores_10;0.785;1.406;1.476274165;0.175824176;NA;burrow;0.84;0.569;0.176;0;1.001
Leptuca_terpsichores;terpsichores_11;0.925;1.54;1.448330684;0.182727273;NA;burrow;0.911;0.629;0.201;0;1.1
Leptuca_terpsichores;terpsichores_12;0.87;1.434;1.343137255;0.190757129;NA;burrow;0.822;0.612;0.194;0;1.017
Leptuca_terpsichores;terpsichores_13;0.91;1.647;1.416422287;0.178632479;NA;burrow;0.966;0.682;0.209;0;1.17
Leptuca_terpsichores;terpsichores_14;0.775;1.366;1.456834532;0.192231076;0.679577465;burrow;0.81;0.556;0.193;0.284;1.004
Leptuca_terpsichores;terpsichores_15;0.7;0.911;1.011037528;0.256140351;NA;burrow;0.458;0.453;0.146;0;0.57
Leptuca_terpsichores;terpsichores_16;1.035;1.718;1.487698987;0.176759411;0.677115987;burrow;1.028;0.691;0.216;0.319;1.222
Leptuca_terpsichores;terpsichores_17;0.76;1.335;1.483271375;0.191176471;NA;burrow;0.798;0.538;0.182;0;0.952
Leptuca_terpsichores;terpsichores_18;0.74;1.139;1.19460501;0.230573248;0.76371308;burrow;0.62;0.519;0.181;0.237;0.785
Leptuca_terpsichores;terpsichores_19;0.925;1.49;1.398713826;0.174074074;NA;burrow;0.87;0.622;0.188;0;1.08
Leptuca_terpsichores;terpsichores_20;0.925;1.603;1.516483516;0.169827586;NA;burrow;0.966;0.637;0.197;0;1.16
Leptuca_terpsichores;terpsichores_21;0.905;1.58;1.351190476;0.201263538;0.745819398;burrow;0.908;0.672;0.223;0.299;1.108
Leptuca_terpsichores;terpsichores_22;0.71;1.03;1.104081633;0.212481426;NA;burrow;0.541;0.49;0.143;0;0.673
Leptuca_terpsichores;terpsichores_23;0.92;1.501;1.376582278;0.185507246;0.693140794;burrow;0.87;0.632;0.192;0.277;1.035
Leptuca_terpsichores;terpsichores_24;0.885;1.523;1.54;0.163246269;NA;burrow;0.924;0.6;0.175;0;1.072
Leptuca_terpsichores;terpsichores_25;0.85;1.57;1.468553459;0.168165468;0.6900369;burrow;0.934;0.636;0.187;0.271;1.112
Leptuca_terpsichores;terpsichores_26;1;1.735;1.507225434;0.16693038;NA;burrow;1.043;0.692;0.211;0;1.264
Leptuca_terpsichores;terpsichores_27;0.76;1.233;1.495951417;0.172254335;0.608163265;burrow;0.739;0.494;0.149;0.245;0.865
Leptuca_terpsichores;terpsichores_28;0.9;1.542;1.565723794;0.166666667;NA;burrow;0.941;0.601;0.185;0;1.11
Leptuca_terpsichores;terpsichores_29;0.81;1.373;1.401050788;0.18887723;NA;burrow;0.8;0.571;0.18;0;0.953
Leptuca_terpsichores;terpsichores_30;0.79;1.274;1.325411335;0.184892897;NA;burrow;0.725;0.547;0.164;0;0.887
Leptuca_terpsichores;terpsichores_31;0.82;1.379;1.498188406;0.168527919;NA;burrow;0.827;0.552;0.166;0;0.985
Leptuca_terpsichores;terpsichores_32;0.825;1.363;1.35;0.176531672;NA;burrow;0.783;0.58;0.17;0;0.963
Leptuca_terpsichores;terpsichores_33;0.8;1.347;1.381625442;0.175129534;0.588850174;burrow;0.782;0.566;0.169;0.287;0.965
Leptuca_terpsichores;terpsichores_34;0.8;1.388;1.368600683;0.171717172;NA;burrow;0.802;0.586;0.17;0;0.99
Leptuca_terpsichores;terpsichores_35;0.83;1.413;1.374789916;0.197265625;NA;burrow;0.818;0.595;0.202;0;1.024
Leptuca_terpsichores;terpsichores_36;0.91;1.559;1.45511811;0.168281938;NA;burrow;0.924;0.635;0.191;0;1.135
Leptuca_terpsichores;terpsichores_37;0.91;1.474;1.418032787;0.171213547;0.661818182;burrow;0.865;0.61;0.182;0.275;1.063
Leptuca_terpsichores;terpsichores_38;0.93;1.625;1.523291925;0.169923534;0.634920635;burrow;0.981;0.644;0.2;0.315;1.177
Leptuca_terpsichores;terpsichores_39;0.875;1.537;1.557404326;0.166820276;0.595394737;burrow;0.936;0.601;0.181;0.304;1.085
Leptuca_terpsichores;terpsichores_40;0.85;1.443;1.3125;0.182445759;NA;burrow;0.819;0.624;0.185;0;1.014
Leptuca_terpsichores;terpsichores_41;0.985;1.541;1.392857143;0.206176203;0.813620072;burrow;0.897;0.644;0.227;0.279;1.101
Leptuca_terpsichores;terpsichores_42;0.77;1.309;1.419593346;0.170418006;0.6625;burrow;0.768;0.541;0.159;0.24;0.933
Leptuca_terpsichores;terpsichores_43;0.955;1.587;1.393665158;0.19278169;0.73;burrow;0.924;0.663;0.219;0.3;1.136
Leptuca_terpsichores;terpsichores_44;0.87;1.489;1.337519623;0.199438202;0.712374582;burrow;0.852;0.637;0.213;0.299;1.068
Leptuca_terpsichores;terpsichores_45;0.92;1.571;1.488924051;0.192717584;NA;burrow;0.941;0.632;0.217;0;1.126
Leptuca_terpsichores;terpsichores_46;0.865;1.362;1.45323741;0.199796126;0.756756757;burrow;0.808;0.556;0.196;0.259;0.981
Leptuca_terpsichores;terpsichores_47;0.83;1.421;1.345963756;0.196233895;NA;burrow;0.817;0.607;0.198;0;1.009
Leptuca_terpsichores;terpsichores_48;0.805;1.446;1.441821248;0.191219512;0.678200692;burrow;0.855;0.593;0.196;0.289;1.025
Leptuca_terpsichores;terpsichores_49;0.86;1.387;1.383820998;0.175456389;0.607017544;burrow;0.804;0.581;0.173;0.285;0.986
Leptuca_terpsichores;terpsichores_50;0.93;1.662;1.586956522;0.171784232;0.752727273;burrow;1.022;0.644;0.207;0.275;1.205
Gelasimus_tetragonon;tetragonon_01;2.76;3.848;1.263529412;0.203287891;NA;surface;2.148;1.7;0.507;0;2.494
Gelasimus_tetragonon;tetragonon_02;1.685;1.805;0.655963303;0.318429662;NA;surface;0.715;1.09;0.292;0;0.917
Gelasimus_tetragonon;tetragonon_03;2.78;4.013;1.06900103;0.239292731;0.520958084;surface;2.076;1.942;0.609;1.169;2.545
Gelasimus_tetragonon;tetragonon_04;2.845;2.635;0.880799429;0.253740648;NA;surface;1.234;1.401;0.407;0;1.604
Gelasimus_tetragonon;tetragonon_05;3.195;5.338;1.636049383;NA;NA;surface;3.313;2.025;0.612;0;0
Gelasimus_tetragonon;tetragonon_06;2.2;2.483;0.849406528;0.308932169;NA;surface;1.145;1.348;0.46;0;1.489
Gelasimus_tetragonon;tetragonon_07;2.095;2.735;0.798820446;0.297771776;NA;surface;1.219;1.526;0.441;0;1.481
Leptuca_thayeri;thayeri_01;1.98;2.957;1.219219219;0.17769003;NA;both;1.624;1.332;0.36;0;2.026
Leptuca_thayeri;thayeri_03;2.04;3.121;1.171070932;0.216713881;0.665217391;both;1.684;1.438;0.459;0.69;2.118
Leptuca_thayeri;thayeri_04;2.375;4.635;1.510834236;0.181092695;0.612033195;both;2.789;1.846;0.59;0.964;3.258
Leptuca_thayeri;thayeri_05;1.87;2.638;1.058456742;0.214659686;NA;both;1.358;1.283;0.369;0;1.719
Leptuca_thayeri;thayeri_06;1.86;2.576;1.133278146;0.234699941;NA;both;1.369;1.208;0.395;0;1.683
Leptuca_uruguayensis;uruguayensis_02;NA;2.268;1.345398139;0.193612774;0.873873874;both;1.301;0.967;0.291;0.333;1.503
Leptuca_uruguayensis;uruguayensis_03;1.063;1.683;1.049939099;0.207061069;0.62716763;both;0.862;0.821;0.217;0.346;1.048
Leptuca_uruguayensis;uruguayensis_04;NA;1.189;0.874015748;0.241184767;0.670588235;both;0.555;0.635;0.171;0.255;0.709
Leptuca_uruguayensis;uruguayensis_05;0.938;1.334;0.958883994;0.23573201;0.688405797;both;0.653;0.681;0.19;0.276;0.806
Leptuca_uruguayensis;uruguayensis_06;1.202;2.274;1.346749226;0.196255649;0.684684685;both;1.305;0.969;0.304;0.444;1.549
Leptuca_uruguayensis;uruguayensis_07;1.003;1.506;1.02147651;0.227225131;0.769503546;both;0.761;0.745;0.217;0.282;0.955
Leptuca_uruguayensis;uruguayensis_08;0.888;0.97;0.905697446;0.246231156;NA;both;0.461;0.509;0.147;0;0.597
Leptuca_uruguayensis;uruguayensis_09;0.963;1.34;0.977876106;0.247337278;0.703703704;both;0.663;0.678;0.209;0.297;0.845
Leptuca_uruguayensis;uruguayensis_10;0.95;1.338;0.985163205;0.229368932;0.675;both;0.664;0.674;0.189;0.28;0.824
Leptuca_uruguayensis;uruguayensis_11;1.059;1.725;1.132262052;0.232269504;0.789156627;both;0.916;0.809;0.262;0.332;1.128
Leptuca_uruguayensis;uruguayensis_12;1.137;2.161;1.269957983;0.18543956;0.725806452;both;1.209;0.952;0.27;0.372;1.456
Leptuca_uruguayensis;uruguayensis_13;0.85;1.039;0.873646209;0.268253968;0.728448276;both;0.484;0.554;0.169;0.232;0.63
Leptuca_uruguayensis;uruguayensis_14;0.982;1.72;1.082324455;0.226102941;0.713043478;both;0.894;0.826;0.246;0.345;1.088
Leptuca_uruguayensis;uruguayensis_15;1.23;2.554;1.494140625;0.187535735;0.616541353;both;1.53;1.024;0.328;0.532;1.749
Leptuca_uruguayensis;uruguayensis_16;1.2;2.031;1.234323432;0.203377386;0.608791209;both;1.122;0.909;0.277;0.455;1.362
Leptuca_uruguayensis;uruguayensis_18;1.259;2.339;1.392236977;0.195773773;NA;both;1.363;0.979;0.315;0;1.609
Leptuca_uruguayensis;uruguayensis_19;1.201;2.361;1.308219178;0.195402299;0.840659341;both;1.337;1.022;0.306;0.364;1.566
Leptuca_uruguayensis;uruguayensis_20;1.111;2.16;1.568370987;0.178617992;0.728723404;both;1.319;0.841;0.274;0.376;1.534
Leptuca_uruguayensis;uruguayensis_21;1.241;1.93;1.34223301;0.183941606;NA;both;1.106;0.824;0.252;0;1.37
Leptuca_uruguayensis;uruguayensis_22;0.972;1.477;1.044260028;0.21436114;0.740875912;both;0.755;0.723;0.203;0.274;0.947
Leptuca_uruguayensis;uruguayensis_23;1.105;1.934;1.173033708;0.229299363;0.763925729;both;1.044;0.89;0.288;0.377;1.256
Leptuca_uruguayensis;uruguayensis_24;0.993;1.526;0.986996099;0.229645094;0.565552699;both;0.759;0.769;0.22;0.389;0.958
Leptuca_uruguayensis;uruguayensis_27;1.045;1.856;1.160839161;0.219255663;0.674129353;both;0.996;0.858;0.271;0.402;1.236
Leptuca_uruguayensis;uruguayensis_28;1.166;2.275;1.278;0.185279188;0.630669546;both;1.278;1;0.292;0.463;1.576
Leptuca_uruguayensis;uruguayensis_29;1.128;1.948;1.112798265;0.216905901;0.8;both;1.026;0.922;0.272;0.34;1.254
Leptuca_uruguayensis;uruguayensis_30;1.131;1.866;1.292383292;0.20993228;NA;both;1.052;0.814;0.279;0;1.329
Leptuca_uruguayensis;uruguayensis_32;0.714;0.798;0.781737194;0.296296296;NA;both;0.351;0.449;0.128;0;0.432
Leptuca_uruguayensis;uruguayensis_33;0.764;1.037;0.908088235;0.272727273;0.822335025;both;0.494;0.544;0.162;0.197;0.594
Leptuca_uruguayensis;uruguayensis_34;0.772;1.058;0.996226415;0.201704545;NA;both;0.528;0.53;0.142;0;0.704
Leptuca_uruguayensis;uruguayensis_35;0.918;1.367;1.028189911;0.234610918;0.734545455;both;0.693;0.674;0.202;0.275;0.861
Leptuca_uruguayensis;uruguayensis_36;0.922;1.251;0.881203008;0.285519126;NA;both;0.586;0.665;0.209;0;0.732
Leptuca_uruguayensis;uruguayensis_37;0.922;1.512;1.146099291;0.221174004;0.691803279;both;0.808;0.705;0.211;0.305;0.954
Leptuca_uruguayensis;uruguayensis_38;0.931;1.695;1.263017356;0.188118812;0.604046243;both;0.946;0.749;0.209;0.346;1.111
Leptuca_uruguayensis;uruguayensis_39;1.055;1.764;1.224464061;0.196277496;NA;both;0.971;0.793;0.232;0;1.182
Leptuca_uruguayensis;uruguayensis_40;0.996;1.909;1.217189315;0.20221169;0.737752161;both;1.048;0.861;0.256;0.347;1.266
Leptuca_uruguayensis;uruguayensis_42;1.065;1.93;1.300357569;0.21086262;0.6875;both;1.091;0.839;0.264;0.384;1.252
Leptuca_uruguayensis;uruguayensis_43;0.848;1.232;1.006514658;0.218274112;NA;both;0.618;0.614;0.172;0;0.788
Leptuca_uruguayensis;uruguayensis_44;0.999;1.695;1.236147757;0.230080573;0.732193732;both;0.937;0.758;0.257;0.351;1.117
Leptuca_uruguayensis;uruguayensis_45;0.781;1.109;0.959363958;0.224035608;0.774358974;both;0.543;0.566;0.151;0.195;0.674
Leptuca_uruguayensis;uruguayensis_46;0.941;1.358;1.152139461;0.210121012;NA;both;0.727;0.631;0.191;0;0.909
Leptuca_uruguayensis;uruguayensis_48;0.951;1.637;1.069444444;0.217557252;0.664723032;both;0.847;0.792;0.228;0.343;1.048
Leptuca_uruguayensis;uruguayensis_49;0.942;1.564;1.116373478;0.232931727;0.705167173;both;0.825;0.739;0.232;0.329;0.996
Leptuca_uruguayensis;uruguayensis_50;0.998;1.85;1.278325123;0.192214112;0.679083095;both;1.038;0.812;0.237;0.349;1.233
Leptuca_uruguayensis;uruguayensis_51;0.923;1.6;1.162162162;0.185257032;0.640939597;both;0.86;0.74;0.191;0.298;1.031
Leptuca_uruguayensis;uruguayensis_52;0.863;1.47;1.008196721;0.23830735;0.804511278;both;0.738;0.732;0.214;0.266;0.898
Leptuca_uruguayensis;uruguayensis_53;1.106;2.114;1.485311398;0.187040748;NA;both;1.264;0.851;0.28;0;1.497
Leptuca_uruguayensis;uruguayensis_55;1.124;1.86;1.313432836;0.186320755;NA;both;1.056;0.804;0.237;0;1.272
Leptuca_uruguayensis;uruguayensis_56;0.832;1.399;1.045321637;0.230590962;0.496259352;both;0.715;0.684;0.199;0.401;0.863
Leptuca_uruguayensis;uruguayensis_57;1.058;1.852;1.157342657;0.215358932;0.684350133;both;0.993;0.858;0.258;0.377;1.198
Leptuca_uruguayensis;uruguayensis_59;0.917;1.472;1.052998605;0.23315508;NA;both;0.755;0.717;0.218;0;0.935
Leptuca_uruguayensis;uruguayensis_60;0.851;1.187;0.953947368;0.24556213;0.626415094;both;0.58;0.608;0.166;0.265;0.676
Leptuca_uruguayensis;uruguayensis_61;0.944;1.59;1.007575758;0.234933606;0.782312925;both;0.798;0.792;0.23;0.294;0.979
Leptuca_uruguayensis;uruguayensis_62;0.877;1.375;1.019089574;0.216;0.526462396;both;0.694;0.681;0.189;0.359;0.875
Leptuca_uruguayensis;uruguayensis_63;0.905;1.302;0.946188341;0.22979798;0.719367589;both;0.633;0.669;0.182;0.253;0.792
Leptuca_uruguayensis;uruguayensis_65;1.079;1.759;1.004555809;0.246716698;0.703208556;both;0.882;0.878;0.263;0.374;1.066
Leptuca_uruguayensis;uruguayensis_66;1.208;2.127;1.332236842;0.190839695;0.615212528;both;1.215;0.912;0.275;0.447;1.441
Leptuca_uruguayensis;uruguayensis_67;1.253;2.282;1.367219917;0.182998053;0.758064516;both;1.318;0.964;0.282;0.372;1.541
Leptuca_uruguayensis;uruguayensis_68;1.166;1.277;1.153456998;0.217647059;NA;both;0.684;0.593;0.185;0;0.85
Leptuca_uruguayensis;uruguayensis_69;1.087;1.919;1.17081448;0.213709677;0.592841163;both;1.035;0.884;0.265;0.447;1.24
Leptuca_uruguayensis;uruguayensis_70;0.602;1.878;1.390088945;0.1902687;NA;both;1.094;0.787;0.262;0;1.377
Gelasimus_vocans;vocans_01;2.405;4.501;1.715235792;0.196556205;NA;surface;2.837;1.654;0.605;0;3.078
Gelasimus_vocans;vocans_02;2.29;4.192;1.423210162;0.238458868;0.537558685;surface;2.465;1.732;0.687;1.278;2.881
Gelasimus_vocans;vocans_03;2.51;4.286;1.474595843;0.222452504;0.505891595;surface;2.554;1.732;0.644;1.273;2.895
Gelasimus_vocans;vocans_04;2.375;3.793;1.37359199;0.232163517;0.523478261;surface;2.195;1.598;0.602;1.15;2.593
Gelasimus_vocans;vocans_05;2.535;4.646;1.58820256;0.200461589;0.524590164;surface;2.854;1.797;0.608;1.159;3.033
Minuca_vocator;vocator_01;2.56;4.762;1.125892857;0.18528;NA;surface;2.522;2.24;0.579;0;3.125
Minuca_vocator;vocator_02;1.8;2.578;0.989197531;0.214832254;NA;surface;1.282;1.296;0.365;0;1.699
Minuca_vocator;vocator_03;1.78;2.566;1.003127443;0.192949907;NA;surface;1.283;1.279;0.312;0;1.617
Minuca_vocator;vocator_04;2.36;3.704;1.074032529;0.218233159;NA;surface;1.915;1.783;0.541;0;2.479
Minuca_vocator;vocator_05;2.075;3.611;1.179951691;0.174968072;NA;surface;1.954;1.656;0.411;0;2.349
Gelasimus_vomeris;vomeris_01;1.4;1.993;1.142857143;0.282726569;NA;surface;1.064;0.931;0.365;0;1.291
Gelasimus_vomeris;vomeris_02;1.435;2.168;1.293868922;0.242097701;NA;surface;1.224;0.946;0.337;0;1.392
Gelasimus_vomeris;vomeris_03;1.35;1.939;1.054025424;0.267050123;NA;surface;0.995;0.944;0.325;0;1.217
Gelasimus_vomeris;vomeris_04;1.16;1.473;1.04867872;0.295953757;NA;surface;0.754;0.719;0.256;0;0.865
Gelasimus_vomeris;vomeris_05;1.345;1.78;1.214906832;0.234835355;NA;surface;0.978;0.805;0.271;0;1.154
Gelasimus_vomeris;vomeris_06;1.315;1.698;1.040865385;0.279739777;NA;surface;0.866;0.832;0.301;0;1.076
Gelasimus_vomeris;vomeris_07;1.445;1.695;0.848418757;0.259920635;NA;surface;0.778;0.917;0.262;0;1.008
Gelasimus_vomeris;vomeris_08;1.485;1.823;0.854526958;0.298922801;NA;surface;0.84;0.983;0.333;0;1.114
